{
    "config_info": {
        "run_name": "rbq10",
        "control": {
            "policy_dt": 0.01,
            "action_scale": 0.1,
            "stiffness": {
                "R": 123.39138,
                "P": 123.39138,
                "K": 127.77215
            },
            "damping": {
                "R": 2.5,
                "P": 2.5,
                "K": 2.5
            }
        },
        "env": {
            "num_observations": 45,
            "num_actions": 12
        },
        "commands": {
            "ranges": {
                "lin_vel_x": [
                    -1.0,
                    1.0
                ],
                "lin_vel_y": [
                    -1.0,
                    1.0
                ],
                "ang_vel_yaw": [
                    -1.3,
                    1.3
                ]
            }
        },
        "init_state": {
            "default_joint_angles": {
                "joint0_HRR": -0.0,
                "joint1_HRP": 0.8115781021773633,
                "joint2_HRK": -1.3962634015954636,
                "joint3_HLR": 0.0,
                "joint4_HLP": 0.8115781021773633,
                "joint5_HLK": -1.3962634015954636,
                "joint6_FRR": -0.0,
                "joint7_FRP": 0.7941248096574199,
                "joint8_FRK": -1.4311699866353502,
                "joint9_FLR": 0.0,
                "joint10_FLP": 0.7941248096574199,
                "joint11_FLK": -1.4311699866353502
            }
        },
        "normalization": {
            "obs_scales": {
                "lin_vel": 2.0,
                "ang_vel": 0.25,
                "dof_pos": 1.0,
                "dof_vel": 0.05
            },
            "clip_observations": 100,
            "clip_actions": 40.0
        }
    }
}